1,nguyen the nam,907844687,1231/23/123,1,info@aicungcan.com,121b nguyen the truyen ,4/7/2020,11/7/2020
2,tran dac toan,908085777,1/1/2001,1,1hcm.ops@internationalsos.com,123 nguyen van hien,4/7/2020,11/7/2020
3,dang duc thang,90377337,1/1/2001,1,1hcm.ops@internationalsos.com,124124 to hien thanh,4/7/2020,11/7/2020
4,pham phuoc nguyen,903608690,1/1/2001,1,dat.ht@leftbrainconnectors.vn,123/123 fasdsadasd,4/7/2020,11/7/2020
5,trinh thi thuy,939243674,1/1/2001,1,webforgekl_khanh@hcm.vnn.vn,washignton bla bla,4/7/2020,11/7/2020
6,nguyen cong nhat tung,987982924,1231/23/123,1,blueninh@hcm.vnn.vn,121b nguyen the truyen ,4/7/2020,11/7/2020
7,le van dat,933559995,1/1/2001,1,1hcm.ops@internationalsos.com,123 nguyen van hien,4/7/2020,11/7/2020
8,nguyen the nam,902669734,1/1/2001,1,1hcm.ops@internationalsos.com,124124 to hien thanh,4/7/2020,11/7/2020
9,tran dac toan,907266445,1/1/2001,1,nguyenhai@viettel.vn,123/123 fasdsadasd,4/7/2020,11/7/2020
10,dang duc thang, 0906 763731,1/1/2001,1,saohaivuong@vnn.vn,washignton bla bla,4/7/2020,11/7/2020
11,pham phuoc nguyen,987136650,1231/23/123,1,alaska@hcm.fpt.vn,121b nguyen the truyen ,4/7/2020,11/7/2020
12,trinh thi thuy,903704821,1/1/2001,1,1hcm.ops@internationalsos.com,123 nguyen van hien,4/7/2020,11/7/2020
13,nguyen cong nhat tung,918159860,1/1/2001,1,1hcm.ops@internationalsos.com,124124 to hien thanh,4/7/2020,11/7/2020
14,le van dat,989735897,1/1/2001,1,hangle@annasea.com.vn,123/123 fasdsadasd,4/7/2020,11/7/2020
15,nguyen the nam,913145852,1/1/2001,1,1hcm.ops@internationalsos.com,washignton bla bla,4/7/2020,11/7/2020
16,tran dac toan,937879918,1231/23/123,1,1hcm.ops@internationalsos.com,121b nguyen the truyen ,4/7/2020,11/7/2020
17,dang duc thang,903937177,1/1/2001,1,baonghi_ computer@yahoo.com,123 nguyen van hien,4/7/2020,11/7/2020
18,pham phuoc nguyen,909451621,1/1/2001,1,titan@titansg.com,124124 to hien thanh,4/7/2020,11/7/2020
19,trinh thi thuy,932755980,1/1/2001,1,filmchauminh@hcm.vnn.vn,123/123 fasdsadasd,4/7/2020,11/7/2020
20,nguyen cong nhat tung,972603314,1/1/2001,1,vinatoyo@hcm.vnn.vn,washignton bla bla,4/7/2020,11/7/2020
21,le van dat,903780931,1231/23/123,1,fullco@hcm.vnn.vn,121b nguyen the truyen ,4/7/2020,11/7/2020
22,nguyen the nam,913111144,1/1/2001,1,1hcm.ops@internationalsos.com,123 nguyen van hien,4/7/2020,11/7/2020
23,tran dac toan,919236777,1/1/2001,1,brainlogs@vnn.vn,124124 to hien thanh,4/7/2020,11/7/2020
24,dang duc thang,903397407,1/1/2001,1,1hcm.ops@internationalsos.com,123/123 fasdsadasd,4/7/2020,11/7/2020
25,pham phuoc nguyen,1699906827,1/1/2001,1,ctydaihung@hcm.vnn.vn,washignton bla bla,4/7/2020,11/7/2020
26,trinh thi thuy,903008720,1231/23/123,1,triphco@vnn.vn,121b nguyen the truyen ,4/7/2020,11/7/2020
27,nguyen cong nhat tung,919393998,1/1/2001,1,1hcm.ops@internationalsos.com,123 nguyen van hien,4/7/2020,11/7/2020
28,le van dat,908835789,1/1/2001,1,1hcm.ops@internationalsos.com,124124 to hien thanh,4/7/2020,11/7/2020
29,nguyen the nam,903926683,1/1/2001,1,1hcm.ops@internationalsos.com,123/123 fasdsadasd,4/7/2020,11/7/2020
30,tran dac toan,90382554,1231/23/123,1,diaoctdtv@yahoo.com,washignton bla bla,4/7/2020,11/7/2020
31,dang duc thang,908817626,1/1/2001,1,everich@hcm.vnn.vn,121b nguyen the truyen ,4/7/2020,11/7/2020
32,pham phuoc nguyen,913712111,1/1/2001,1,tienphat_plstic@yahoo.com,123 nguyen van hien,4/7/2020,11/7/2020
33,trinh thi thuy,913961234,1/1/2001,1,phuvietinfo@gmail.com,124124 to hien thanh,4/7/2020,11/7/2020
34,nguyen cong nhat tung,91380003,1/1/2001,1,1hcm.ops@internationalsos.com,123/123 fasdsadasd,4/7/2020,11/7/2020
35,le van dat,977688399,1231/23/123,1,thutm@vtt.com.vn,washignton bla bla,4/7/2020,11/7/2020
36,nguyen the nam,91853299,1/1/2001,1,hcm@inoxthienquang.com.vn,121b nguyen the truyen ,4/7/2020,11/7/2020
37,tran dac toan,91805813,1/1/2001,1,tranhunglong.nguyen@mindshareworld.com,123 nguyen van hien,4/7/2020,11/7/2020
38,dang duc thang,913763143,1/1/2001,1,sales@truongmylacquer.com,124124 to hien thanh,4/7/2020,11/7/2020
39,pham phuoc nguyen,913876000,1/1/2001,1,hoapho25@yahoo.com,123/123 fasdsadasd,4/7/2020,11/7/2020
40,trinh thi thuy,919074174,1231/23/123,1,info@advuong.com,washignton bla bla,4/7/2020,11/7/2020
41,nguyen cong nhat tung,94689778,1/1/2001,1,giaoco@hcm.vnn.vn,121b nguyen the truyen ,4/7/2020,11/7/2020
42,le van dat,903921616,1/1/2001,1,1hcm.ops@internationalsos.com,123 nguyen van hien,4/7/2020,11/7/2020
43,nguyen the nam,91850518,1/1/2001,1,sales@inoxtri.com,124124 to hien thanh,4/7/2020,11/7/2020
44,tran dac toan,91388818,1/1/2001,1,dany25900@gmail.com,123/123 fasdsadasd,4/7/2020,11/7/2020
45,dang duc thang,979644701,1231/23/123,1,1hcm.ops@internationalsos.com,washignton bla bla,4/7/2020,11/7/2020
46,pham phuoc nguyen,98367187,1/1/2001,1,1hcm.ops@internationalsos.com,121b nguyen the truyen ,4/7/2020,11/7/2020
47,trinh thi thuy,903909890,1/1/2001,1,1hcm.ops@internationalsos.com,123 nguyen van hien,4/7/2020,11/7/2020
48,nguyen cong nhat tung,91960997,1/1/2001,1,1hcm.ops@internationalsos.com,124124 to hien thanh,4/7/2020,11/7/2020
49,le van dat,1694456222,1/1/2001,1,vinaweld1@hcm.vnn.vn,123/123 fasdsadasd,4/7/2020,11/7/2020
50,nguyen the nam,913727007,1231/23/123,1,1hcm.ops@internationalsos.com,washignton bla bla,4/7/2020,11/7/2020
51,tran dac toan,913727007,1/1/2001,1,sales@saigon-rita.com,121b nguyen the truyen ,4/7/2020,11/7/2020
52,dang duc thang,81905399427,1/1/2001,1,godacoexport@hcm.fpt.vn,123 nguyen van hien,4/7/2020,11/7/2020
53,pham phuoc nguyen,904602811,1/1/2001,1,minhkhoico@hcm.vnn.vn,124124 to hien thanh,4/7/2020,11/7/2020
54,trinh thi thuy,975558716,1/1/2001,1,tellsaigon@vnn.vn,123/123 fasdsadasd,4/7/2020,11/7/2020
55,nguyen cong nhat tung,903694711,1231/23/123,1,1hcm.ops@internationalsos.com,washignton bla bla,4/7/2020,11/7/2020
56,le van dat,909534560,1/1/2001,1,galaxy-vn@hcm.vnn.vn,121b nguyen the truyen ,4/7/2020,11/7/2020
57,nguyen the nam,918542903,1/1/2001,1,thienphuoc-co@hcm.vnn.vn,123 nguyen van hien,4/7/2020,11/7/2020
58,tran dac toan,933230999,1/1/2001,1,tdg@hoangquan.com.vn,124124 to hien thanh,4/7/2020,11/7/2020
59,dang duc thang,958559296,1231/23/123,1,alphatech@vnn.vn; thienan@draytek.com.vn; an_phat@vnn.vn,123/123 fasdsadasd,4/7/2020,11/7/2020
60,pham phuoc nguyen,989041416,1/1/2001,1,1hcm.ops@internationalsos.com,washignton bla bla,4/7/2020,11/7/2020
61,trinh thi thuy,16694521,1/1/2001,1,tamhopco@hcm.vnn.vn,121b nguyen the truyen ,4/7/2020,11/7/2020
62,nguyen cong nhat tung,986260499,1/1/2001,1,tankhoanguyen2004@yahoo.com,123 nguyen van hien,4/7/2020,11/7/2020
63,le van dat,633717763,1/1/2001,1,quocnam_dainam@yahoo.com,124124 to hien thanh,4/7/2020,11/7/2020
64,nguyen the nam,957681362,1231/23/123,1,1hcm.ops@internationalsos.com,123/123 fasdsadasd,4/7/2020,11/7/2020
65,tran dac toan,909586807,1/1/2001,1,1hcm.ops@internationalsos.com,washignton bla bla,4/7/2020,11/7/2020
66,dang duc thang,903770637,1/1/2001,1,cholonltdco@hcm.vnn.vn,121b nguyen the truyen ,4/7/2020,11/7/2020
67,pham phuoc nguyen,908733247,1/1/2001,1,tankienseafood@vnn.vn,123 nguyen van hien,4/7/2020,11/7/2020
68,trinh thi thuy,9098580,1/1/2001,1,minhtrang160@yahoo.com,124124 to hien thanh,4/7/2020,11/7/2020
69,nguyen cong nhat tung,909591859,1231/23/123,1,ktdothiviet@gmail.com,123/123 fasdsadasd,4/7/2020,11/7/2020
70,le van dat,937090369,1/1/2001,1,npnv@hcm.fpt.vn,washignton bla bla,4/7/2020,11/7/2020
71,nguyen the nam,988325121,1/1/2001,1,gold-garden@hcm.vnn.vn,121b nguyen the truyen ,4/7/2020,11/7/2020
72,tran dac toan,90833485,1/1/2001,1,orbit.jsc@gmail.com,123 nguyen van hien,4/7/2020,11/7/2020
73,dang duc thang,908519667,1/1/2001,1,giahungcoltd@hcm.vnn.vn,124124 to hien thanh,4/7/2020,11/7/2020
74,pham phuoc nguyen,90301607,1231/23/123,1,hongbaoco@hcm.vnn.vn,123/123 fasdsadasd,4/7/2020,11/7/2020
75,trinh thi thuy,9036504,1/1/2001,1,tungduong@hcm.fpt.vn,washignton bla bla,4/7/2020,11/7/2020
76,nguyen cong nhat tung,955062000,1/1/2001,1,1hcm.ops@internationalsos.com,121b nguyen the truyen ,4/7/2020,11/7/2020
77,le van dat,903055878,1/1/2001,1,1hcm.ops@internationalsos.com,123 nguyen van hien,4/7/2020,11/7/2020
78,nguyen the nam,908040159,1/1/2001,1,ktel@vnn.vn,124124 to hien thanh,4/7/2020,11/7/2020
79,tran dac toan,903354059,1231/23/123,1,1hcm.ops@internationalsos.com,123/123 fasdsadasd,4/7/2020,11/7/2020
80,dang duc thang,903917270,1/1/2001,1,tltc@hn.vnn.vn,washignton bla bla,4/7/2020,11/7/2020
81,pham phuoc nguyen,909254302,1/1/2001,1,minhtam_trading@viettel.vn,121b nguyen the truyen ,4/7/2020,11/7/2020
82,trinh thi thuy,903743047,1/1/2001,1,atlanticltd@hcm.vnn.vn,123 nguyen van hien,4/7/2020,11/7/2020
83,nguyen cong nhat tung,1.23E+11,1/1/2001,1,1hcm.ops@internationalsos.com,124124 to hien thanh,4/7/2020,11/7/2020
84,le van dat,983979242,1231/23/123,1,1hcm.ops@internationalsos.com,123/123 fasdsadasd,4/7/2020,11/7/2020
85,nguyen the nam,907839206,1/1/2001,1,minhquang20042003@yahoo.com,washignton bla bla,4/7/2020,11/7/2020
86,tran dac toan,914078631,1/1/2001,1,ychyang@hcm.vnn.vn,121b nguyen the truyen ,4/7/2020,11/7/2020
87,dang duc thang,909222426,1/1/2001,1,1hcm.ops@internationalsos.com,123 nguyen van hien,4/7/2020,11/7/2020
88,pham phuoc nguyen,88600554,1231/23/123,1,1hcm.ops@internationalsos.com,124124 to hien thanh,4/7/2020,11/7/2020
89,trinh thi thuy,908590071,1/1/2001,1,huagiaco@hcm.vnn.vn,123/123 fasdsadasd,4/7/2020,11/7/2020
90,nguyen cong nhat tung,76945238,1/1/2001,1,hayensg@hcm.vnn.vn,washignton bla bla,4/7/2020,11/7/2020
91,le van dat,88204205,1/1/2001,1,nghenhin@vnn.vn,121b nguyen the truyen ,4/7/2020,11/7/2020
92,nguyen the nam,983720792,1/1/2001,1,kimkhihaiphong@yahoo.com,123 nguyen van hien,4/7/2020,11/7/2020
93,tran dac toan,903937725,1231/23/123,1,1hcm.ops@internationalsos.com,124124 to hien thanh,4/7/2020,11/7/2020
94,dang duc thang,903327072,1/1/2001,1,moonviet@vnn.vn,123/123 fasdsadasd,4/7/2020,11/7/2020
95,pham phuoc nguyen,902914762,1/1/2001,1,1hcm.ops@internationalsos.com,washignton bla bla,4/7/2020,11/7/2020
96,trinh thi thuy,938111516,1/1/2001,1,chiquoc@nalucorp.com,121b nguyen the truyen ,4/7/2020,11/7/2020
97,nguyen cong nhat tung,1.23E+11,1/1/2001,1,1hcm.ops@internationalsos.com,123 nguyen van hien,4/7/2020,11/7/2020
98,le van dat,905385308,1231/23/123,1,1hcm.ops@internationalsos.com,124124 to hien thanh,4/7/2020,11/7/2020
99,nguyen the nam,988420019,1/1/2001,1,1hcm.ops@internationalsos.com,123/123 fasdsadasd,4/7/2020,11/7/2020
100,tran dac toan,987158564,1/1/2001,1,nhatminh45@yahoo.com,washignton bla bla,4/7/2020,11/7/2020
101,dang duc thang,908300496,1/1/2001,1,1hcm.ops@internationalsos.com,121b nguyen the truyen ,4/7/2020,11/7/2020
102,pham phuoc nguyen,908559463,1/1/2001,1,vankimnvi@yahoo.com,123 nguyen van hien,4/7/2020,11/7/2020
103,trinh thi thuy,907171189,1231/23/123,1,1hcm.ops@internationalsos.com,124124 to hien thanh,4/7/2020,11/7/2020
104,nguyen cong nhat tung,987502330,1/1/2001,1,1hcm.ops@internationalsos.com,123/123 fasdsadasd,4/7/2020,11/7/2020
105,le van dat,913778210,1/1/2001,1,nguyen_hoang@hcm.fpt.vn,washignton bla bla,4/7/2020,11/7/2020
106,nguyen the nam,908416055,1/1/2001,1,tancangreal@saigonnewport.com.vn,121b nguyen the truyen ,4/7/2020,11/7/2020
107,tran dac toan,988993799,1/1/2001,1,gia_hung7777@yahoo.com,123 nguyen van hien,4/7/2020,11/7/2020
108,dang duc thang,938762223,1231/23/123,1,info@trungnamvn.com,124124 to hien thanh,4/7/2020,11/7/2020
109,pham phuoc nguyen,909210637,1/1/2001,1,redant@hcm.vnn.vn; ome191@vnn.vn,123/123 fasdsadasd,4/7/2020,11/7/2020
110,trinh thi thuy,903889495,1/1/2001,1,1hcm.ops@internationalsos.com,washignton bla bla,4/7/2020,11/7/2020
111,nguyen cong nhat tung,919118539,1/1/2001,1,sales@biennguyen.com,121b nguyen the truyen ,4/7/2020,11/7/2020
112,le van dat,936038237,1/1/2001,1,sales@atad.vn,123 nguyen van hien,4/7/2020,11/7/2020
113,nguyen the nam,938796137,1231/23/123,1,1hcm.ops@internationalsos.com,124124 to hien thanh,4/7/2020,11/7/2020
114,tran dac toan,903688355,1/1/2001,1,animexsg@hcm.vnn.vn,123/123 fasdsadasd,4/7/2020,11/7/2020
115,dang duc thang,905373761,1/1/2001,1,tananloi@hcm.vnn.vn,washignton bla bla,4/7/2020,11/7/2020
116,pham phuoc nguyen,907333094,1/1/2001,1,lethienhanh@hcm.fpt.vn,121b nguyen the truyen ,4/7/2020,11/7/2020
117,trinh thi thuy,903705850,1231/23/123,1,ctybinhminh@yahoo.com,123 nguyen van hien,4/7/2020,11/7/2020
118,nguyen cong nhat tung,903986298,1/1/2001,1,1hcm.ops@internationalsos.com,124124 to hien thanh,4/7/2020,11/7/2020
119,le van dat,914040201,1/1/2001,1,sm-vuong@email.viettel.vn,123/123 fasdsadasd,4/7/2020,11/7/2020
120,nguyen the nam,962520079,1/1/2001,1,1hcm.ops@internationalsos.com,washignton bla bla,4/7/2020,11/7/2020
121,tran dac toan,983770593,1/1/2001,1,anthaivietnam@vnn.vn,121b nguyen the truyen ,4/7/2020,11/7/2020
122,dang duc thang,903024530,1231/23/123,1,easternsea112004@vnn.vn,123 nguyen van hien,4/7/2020,11/7/2020
123,pham phuoc nguyen,913655191,1/1/2001,1,1hcm.ops@internationalsos.com,124124 to hien thanh,4/7/2020,11/7/2020
124,trinh thi thuy,38322755,1/1/2001,1,minhphung_mp@yahoo.com,123/123 fasdsadasd,4/7/2020,11/7/2020
125,nguyen cong nhat tung,918748050,1/1/2001,1,sales@an-giap.com,washignton bla bla,4/7/2020,11/7/2020
126,le van dat,913974999,1/1/2001,1,1hcm.ops@internationalsos.com,121b nguyen the truyen ,4/7/2020,11/7/2020
127,nguyen the nam,982996544,1231/23/123,1,asto_ad@hcm.fpt.vn,123 nguyen van hien,4/7/2020,11/7/2020
128,tran dac toan,903006968,1/1/2001,1,daihungco@vietnamcontainer.com.vn,124124 to hien thanh,4/7/2020,11/7/2020
129,dang duc thang,915757575,1/1/2001,1,vhp@vanhungphu.com,123/123 fasdsadasd,4/7/2020,11/7/2020
130,pham phuoc nguyen,903900229,1/1/2001,1,hisondesign@yahoo.com,washignton bla bla,4/7/2020,11/7/2020
131,trinh thi thuy,90337184,1/1/2001,1,baothanhpte@yahoo.com.vn,121b nguyen the truyen ,4/7/2020,11/7/2020
132,nguyen cong nhat tung,989611561,1231/23/123,1,dandat-co@vnn.vn,123 nguyen van hien,4/7/2020,11/7/2020
133,le van dat,918042577,1/1/2001,1,,124124 to hien thanh,4/7/2020,11/7/2020
134,nguyen the nam,939299079,1/1/2001,1,trumoihailong@yahoo.com,123/123 fasdsadasd,4/7/2020,11/7/2020
135,tran dac toan,908695066,1/1/2001,1,hl-co@hcm.vnn.vn,washignton bla bla,4/7/2020,11/7/2020
136,dang duc thang,903932534,1/1/2001,1,,121b nguyen the truyen ,4/7/2020,11/7/2020
137,pham phuoc nguyen,1.23E+11,1231/23/123,1,daviauto@hcm.vnn.vn,123 nguyen van hien,4/7/2020,11/7/2020
138,trinh thi thuy,989004345,1/1/2001,1,1hcm.ops@internationalsos.com,124124 to hien thanh,4/7/2020,11/7/2020
139,nguyen cong nhat tung,909632007,1/1/2001,1,infotech@hcm.fpt.vn,123/123 fasdsadasd,4/7/2020,11/7/2020
140,le van dat,903707611,1/1/2001,1,691giha@hcm.vnn.vn; quynhhacp@yahoo.com,washignton bla bla,4/7/2020,11/7/2020
141,nguyen the nam,913744204,1/1/2001,1,khonlinhvn@hcm.vnn.vn,121b nguyen the truyen ,4/7/2020,11/7/2020
142,tran dac toan,1.23E+11,1231/23/123,1,tdhaxaintlco@vnn.vn,123 nguyen van hien,4/7/2020,11/7/2020
143,dang duc thang,913807435,1/1/2001,1,sonhoanmy@yahoo.com,124124 to hien thanh,4/7/2020,11/7/2020
144,pham phuoc nguyen,913113413,1/1/2001,1,kcsvn1@hcm.fpt.vn,123/123 fasdsadasd,4/7/2020,11/7/2020
145,trinh thi thuy,909446682,1/1/2001,1,quangcao@hcm.fpt.vn; tanhoangpho@yahoo.com,washignton bla bla,4/7/2020,11/7/2020
146,nguyen cong nhat tung,958889559,1/1/2001,0,daihung_pc@yahoo.com,121b nguyen the truyen ,4/7/2020,11/7/2020
147,le van dat,913732100,1/1/2001,0,phuthohotel@hcm.vnn.vn,123 nguyen van hien,4/7/2020,11/7/2020
148,nguyen the nam,903332211,1/1/2001,0,1hcm.ops@internationalsos.com,124124 to hien thanh,4/7/2020,11/7/2020
149,tran dac toan,936993997,1/1/2001,0,congtybaba@hcm.vnn.vn,123/123 fasdsadasd,4/7/2020,11/7/2020
150,dang duc thang,91834569,1231/23/123,0,gasvnco@hcm.fpt.vn,washignton bla bla,4/7/2020,11/7/2020
151,pham phuoc nguyen,903992388,1/1/2001,0,modernlife@hcm.vnn.vn,121b nguyen the truyen ,4/7/2020,11/7/2020
152,trinh thi thuy,908094731,1/1/2001,1,lieu.luong@ptech.com.vn,123 nguyen van hien,4/7/2020,11/7/2020
153,nguyen cong nhat tung,903810039,1/1/2001,0,1hcm.ops@internationalsos.com,124124 to hien thanh,4/7/2020,11/7/2020
154,le van dat,913921201,1/1/2001,0,1hcm.ops@internationalsos.com,123/123 fasdsadasd,4/7/2020,11/7/2020
155,nguyen the nam,839252051,1/1/2001,1,qvt@qvt.com.vn,washignton bla bla,4/7/2020,11/7/2020
156,tran dac toan,903830708,1/1/2001,1,1hcm.ops@internationalsos.com,121b nguyen the truyen ,4/7/2020,11/7/2020
157,dang duc thang,903883226,1/1/2001,1,cityfordco@hcm.vnn.vn,123 nguyen van hien,4/7/2020,11/7/2020
158,pham phuoc nguyen,903984246,1231/23/123,1,phoneviet@vnn.vn,124124 to hien thanh,4/7/2020,11/7/2020
159,trinh thi thuy,913876004,1/1/2001,1,southernad01@vnn.vn,123/123 fasdsadasd,4/7/2020,11/7/2020
160,nguyen cong nhat tung,918459236,1/1/2001,1,1hcm.ops@internationalsos.com,washignton bla bla,4/7/2020,11/7/2020
161,le van dat,908414748,1231/23/123,1,phikha@hcm.vnn.vn,121b nguyen the truyen ,4/7/2020,11/7/2020
162,nguyen the nam,91573500,1/1/2001,1,vinhcuu@hcm.vnn.vn,123 nguyen van hien,4/7/2020,11/7/2020
163,tran dac toan,908038078,1/1/2001,1,cttoansang@hcm.vnn.vn,124124 to hien thanh,4/7/2020,11/7/2020
164,dang duc thang,919594646,1/1/2001,1,davicorp@hcm.vnn.vn,123/123 fasdsadasd,4/7/2020,11/7/2020
165,pham phuoc nguyen,908446144,1/1/2001,1,hainamsgco@hcm.vnn.vn,washignton bla bla,4/7/2020,11/7/2020
166,trinh thi thuy,1229640472,1231/23/123,1,hongvietmudan@vnn.vn,121b nguyen the truyen ,4/7/2020,11/7/2020
167,nguyen cong nhat tung,918696939,1/1/2001,1,info@inox189.com,123 nguyen van hien,4/7/2020,11/7/2020
168,le van dat,902604904,1/1/2001,1,sf-marketing@strikeforcevn.com,124124 to hien thanh,4/7/2020,11/7/2020
169,nguyen the nam,908177991,1/1/2001,1,1hcm.ops@internationalsos.com,123/123 fasdsadasd,4/7/2020,11/7/2020
170,tran dac toan,39633889,1231/23/123,1,hoptiencompany@yahoo.com,washignton bla bla,4/7/2020,11/7/2020
171,dang duc thang,903644145,1/1/2001,1,phuquangtrung@hcm.fpt.vn,121b nguyen the truyen ,4/7/2020,11/7/2020
172,pham phuoc nguyen,908575035,1/1/2001,1,bienty42@hcm.vnn.vn,123 nguyen van hien,4/7/2020,11/7/2020
173,trinh thi thuy,907217931,1/1/2001,1,saigonkientao@hcm.fpt.vn,124124 to hien thanh,4/7/2020,11/7/2020
174,nguyen cong nhat tung,8965107,1/1/2001,1,vxuan@hcm.vnn.vn,123/123 fasdsadasd,4/7/2020,11/7/2020
175,le van dat,1.23E+11,1231/23/123,1,1hcm.ops@internationalsos.com,washignton bla bla,4/7/2020,11/7/2020
176,nguyen the nam,93560520,1/1/2001,1,1hcm.ops@internationalsos.com,121b nguyen the truyen ,4/7/2020,11/7/2020
177,tran dac toan,989351499,1/1/2001,1,nhatminhfurniture@vnn.vn,123 nguyen van hien,4/7/2020,11/7/2020
178,dang duc thang,984338378,1/1/2001,1,1hcm.ops@internationalsos.com,124124 to hien thanh,4/7/2020,11/7/2020
179,pham phuoc nguyen,9180320,1/1/2001,1,phuongtandat@vnn.vn,123/123 fasdsadasd,4/7/2020,11/7/2020
180,trinh thi thuy,62825811,1231/23/123,1,1hcm.ops@internationalsos.com,washignton bla bla,4/7/2020,11/7/2020
181,nguyen cong nhat tung,903648160,1/1/2001,1,1hcm.ops@internationalsos.com,121b nguyen the truyen ,4/7/2020,11/7/2020
182,le van dat,983474780,1/1/2001,1,ntdesign@hcm.vnn.vn,123 nguyen van hien,4/7/2020,11/7/2020
183,nguyen the nam,908254647,1/1/2001,1,info@uni-bros.com,124124 to hien thanh,4/7/2020,11/7/2020
184,tran dac toan,918010632,1/1/2001,1,a2zstudiovideo@hotmail.com; a2zstudio@hcm.vnn.vn,123/123 fasdsadasd,4/7/2020,11/7/2020
185,dang duc thang,908865929,1231/23/123,1,vamiab@saigonnet.vn,washignton bla bla,4/7/2020,11/7/2020
186,pham phuoc nguyen,985108771,1/1/2001,1,hongtamhtc@hcm.fpt.vn,121b nguyen the truyen ,4/7/2020,11/7/2020
187,trinh thi thuy,905702057,1/1/2001,1,1hcm.ops@internationalsos.com,123 nguyen van hien,4/7/2020,11/7/2020
188,nguyen cong nhat tung,908419584,1/1/2001,1,ctnguyen@hcm.vnn.vn,124124 to hien thanh,4/7/2020,11/7/2020
189,le van dat,909597173,1/1/2001,1,benthanh-sales@hcm.fpt.vn,123/123 fasdsadasd,4/7/2020,11/7/2020
190,nguyen the nam,1229989694,1231/23/123,1,david.pryor@vn.stemcor.com,washignton bla bla,4/7/2020,11/7/2020
191,tran dac toan,937832143,1/1/2001,1,trusodo@hcm.vnn.vn,121b nguyen the truyen ,4/7/2020,11/7/2020
192,dang duc thang,932060688,1/1/2001,1,nhavietcons@hcm.vnn.vn,123 nguyen van hien,4/7/2020,11/7/2020
193,pham phuoc nguyen,908616099,1/1/2001,1,quangmau@vnn.vn,124124 to hien thanh,4/7/2020,11/7/2020
194,trinh thi thuy,907170710,1/1/2001,1,phuhung00@hcm.vnn.vn,123/123 fasdsadasd,4/7/2020,11/7/2020
195,nguyen cong nhat tung,907224130,1231/23/123,1,1hcm.ops@internationalsos.com,washignton bla bla,4/7/2020,11/7/2020
196,le van dat,907157765,1/1/2001,1,nguyencongtri@haiphu.com,121b nguyen the truyen ,4/7/2020,11/7/2020
197,nguyen the nam,988386877,1/1/2001,1,1hcm.ops@internationalsos.com,123 nguyen van hien,4/7/2020,11/7/2020
198,tran dac toan,907002199,1/1/2001,1,tranganh@hcm.fpt.vn,124124 to hien thanh,4/7/2020,11/7/2020
199,dang duc thang,973706486,1/1/2001,0,biebl@hcm.vnn.vn,123/123 fasdsadasd,4/7/2020,11/7/2020
200,pham phuoc nguyen,1269797100,1/1/2001,0,info@pvs.com.vn,washignton bla bla,4/7/2020,11/7/2020
